m_4wrobot1,m_litter3;m_litter187;m_litter106;m_litter24;m_litter80;m_nest
m_4wrobot2,m_litter105;m_litter61;m_litter79;m_litter134;m_litter36;m_nest
m_4wrobot3,m_litter97;m_litter81;m_litter119;m_litter73;m_litter23;m_nest
m_4wrobot4,m_litter67;m_litter50;m_litter125;m_litter5;m_litter19;m_nest
m_4wrobot5,m_litter104;m_litter145;m_litter14;m_litter111;m_litter183;m_nest
m_4wrobot6,m_litter143;m_litter68;m_litter74;m_litter199;m_litter29;m_nest;m_litter173;m_litter142;m_litter131;m_litter198;m_litter72;m_nest
m_4wrobot7,m_litter153;m_litter116;m_litter95;m_litter133;m_litter16;m_nest
m_4wrobot8,m_litter118;m_litter7;m_litter150;m_litter171;m_litter90;m_nest
m_4wrobot9,m_litter47;m_litter91;m_litter138;m_litter76;m_litter110;m_nest
m_4wrobot10,m_litter55;m_litter170;m_litter54;m_litter77;m_litter185;m_nest
m_4wrobot11,m_litter28;m_litter86;m_litter89;m_litter85;m_litter120;m_nest
m_4wrobot12,m_litter99;m_litter140;m_litter129;m_litter167;m_litter20;m_nest
m_4wrobot13,m_litter6;m_litter87;m_litter179;m_litter159;m_litter11;m_nest
m_4wrobot14,m_litter70;m_litter152;m_litter13;m_litter121;m_litter32;m_nest
m_4wrobot15,m_litter88;m_litter62;m_litter112;m_litter52;m_litter114;m_nest
m_4wrobot16,m_litter10;m_litter42;m_litter180;m_litter93;m_litter115;m_nest
m_4wrobot17,m_litter102;m_litter103;m_litter190;m_litter22;m_litter172;m_nest
m_4wrobot18,m_litter196;m_litter174;m_litter127;m_litter37;m_litter39;m_nest
m_4wrobot19,m_litter148;m_litter195;m_litter2;m_litter165;m_litter44;m_nest
m_4wrobot20,m_litter200;m_litter156;m_litter63;m_litter191;m_litter100;m_nest
m_4wrobot21,m_litter163;m_litter101;m_litter69;m_litter75;m_litter64;m_nest
m_4wrobot22,m_litter166;m_litter9;m_litter51;m_litter157;m_litter189;m_nest
m_4wrobot23,m_litter135;m_litter1;m_litter31;m_litter130;m_litter151;m_nest
m_4wrobot24,m_litter46;m_litter144;m_litter192;m_litter78;m_litter186;m_nest;m_litter193;m_litter45;m_litter48;m_litter33;m_litter15;m_nest;m_litter178;m_litter154;m_litter137;m_litter162;m_litter57;m_nest
m_4wrobot25,m_litter126;m_litter98;m_litter38;m_litter27;m_litter30;m_nest
m_4wrobot26,m_litter147;m_litter94;m_litter12;m_litter161;m_litter107;m_nest
m_4wrobot27,m_litter123;m_litter182;m_litter92;m_litter82;m_litter56;m_nest
m_4wrobot28,m_litter83;m_litter60;m_litter124;m_litter109;m_litter40;m_nest
m_4wrobot29,m_litter184;m_litter164;m_litter176;m_litter132;m_litter58;m_nest
m_4wrobot30,m_litter34;m_litter66;m_litter139;m_litter53;m_litter136;m_nest;m_litter177;m_litter181;m_litter84;m_litter155;m_litter168;m_nest
m_4wrobot31,m_litter4;m_litter197;m_litter26;m_litter188;m_litter146;m_nest
m_4wrobot32,m_litter65;m_litter21;m_litter160;m_litter59;m_litter194;m_nest
m_4wrobot33,m_litter49;m_litter122;m_litter158;m_litter18;m_litter175;m_nest
m_4wrobot34,m_litter35;m_litter128;m_litter117;m_litter8;m_litter108;m_nest
m_4wrobot35,m_litter149;m_litter71;m_litter25;m_litter43;m_litter41;m_nest
m_4wrobot36,m_litter169;m_litter113;m_litter17;m_litter96;m_litter141;m_nest
